Test_Index,True_Label,VQC_Prediction,VQC_Correct,Kernel_SVM_Prediction,Kernel_SVM_Correct,RF_Prediction,RF_Correct
14960,Run,Run,True,Run,True,Run,True
10779,Pass,Run,False,Run,False,Pass,True
7918,Pass,Run,False,Pass,True,Pass,True
14257,Pass,Run,False,Run,False,Run,False
3423,Run,Run,True,Run,True,Run,True
12212,Run,Pass,False,Pass,False,Run,True
13040,Run,Pass,False,Run,True,Run,True
14908,Run,Run,True,Run,True,Run,True
16254,Pass,Pass,True,Pass,True,Pass,True
16305,Pass,Pass,True,Pass,True,Pass,True
16345,Pass,Pass,True,Pass,True,Pass,True
7922,Pass,Run,False,Pass,True,Run,False
13075,Run,Pass,False,Pass,False,Pass,False
7814,Run,Pass,False,Pass,False,Pass,False
10687,Run,Pass,False,Run,True,Run,True
14967,Run,Run,True,Run,True,Run,True
14851,Run,Pass,False,Run,True,Run,True
16344,Run,Run,True,Run,True,Run,True
7920,Pass,Pass,True,Pass,True,Pass,True
366,Pass,Pass,True,Pass,True,Run,False
10752,Pass,Pass,True,Pass,True,Pass,True
17059,Run,Pass,False,Pass,False,Pass,False
10760,Run,Pass,False,Run,True,Pass,False
7836,Pass,Pass,True,Pass,True,Pass,True
7914,Pass,Run,False,Run,False,Pass,True
16260,Run,Run,True,Run,True,Run,True
12175,Run,Pass,False,Run,True,Run,True
5822,Run,Run,True,Run,True,Run,True
17114,Pass,Pass,True,Pass,True,Pass,True
417,Run,Pass,False,Run,True,Run,True
14278,Pass,Pass,True,Pass,True,Run,False
10670,Pass,Run,False,Pass,True,Pass,True
3315,Pass,Pass,True,Run,False,Pass,True
17152,Pass,Pass,True,Pass,True,Pass,True
9888,Pass,Pass,True,Run,False,Pass,True
14172,Pass,Pass,True,Run,False,Run,False
14243,Run,Run,True,Run,True,Run,True
13100,Run,Pass,False,Run,True,Pass,False
7879,Pass,Pass,True,Pass,True,Pass,True
17035,Run,Run,True,Run,True,Run,True
3314,Pass,Pass,True,Run,False,Run,False
7917,Pass,Run,False,Run,False,Pass,True
9788,Run,Pass,False,Pass,False,Pass,False
14945,Run,Run,True,Run,True,Run,True
7896,Pass,Run,False,Pass,True,Run,False
14154,Run,Run,True,Run,True,Run,True
5823,Run,Run,True,Run,True,Run,True
17099,Run,Run,True,Run,True,Run,True
14947,Pass,Run,False,Run,False,Run,False
3375,Pass,Pass,True,Pass,True,Pass,True
9843,Pass,Pass,True,Pass,True,Pass,True
10750,Pass,Pass,True,Pass,True,Pass,True
7819,Run,Run,True,Run,True,Run,True
14924,Pass,Pass,True,Pass,True,Run,False
17129,Run,Pass,False,Run,True,Run,True
16209,Run,Run,True,Run,True,Run,True
3352,Pass,Pass,True,Pass,True,Pass,True
9905,Run,Run,True,Run,True,Run,True
10734,Run,Run,True,Run,True,Pass,False
10658,Run,Pass,False,Run,True,Run,True
14850,Pass,Pass,True,Run,False,Run,False
3334,Pass,Pass,True,Pass,True,Run,False
3398,Run,Run,True,Run,True,Run,True
10710,Run,Pass,False,Pass,False,Pass,False
7815,Pass,Pass,True,Pass,True,Pass,True
5751,Pass,Run,False,Run,False,Pass,True
5796,Pass,Pass,True,Pass,True,Pass,True
3382,Run,Pass,False,Run,True,Run,True
14174,Pass,Pass,True,Pass,True,Pass,True
10767,Pass,Pass,True,Run,False,Run,False
16318,Run,Pass,False,Run,True,Run,True
10689,Run,Pass,False,Pass,False,Pass,False
16343,Run,Run,True,Run,True,Run,True
14143,Run,Pass,False,Run,True,Run,True
14188,Run,Pass,False,Run,True,Run,True
3405,Pass,Pass,True,Run,False,Pass,True
7776,Run,Pass,False,Run,True,Run,True
3341,Pass,Pass,True,Pass,True,Pass,True
12114,Run,Pass,False,Run,True,Pass,False
3401,Run,Run,True,Run,True,Run,True
3333,Run,Pass,False,Run,True,Run,True
16256,Run,Pass,False,Run,True,Run,True
17151,Pass,Pass,True,Pass,True,Run,False
10795,Pass,Pass,True,Pass,True,Pass,True
13031,Run,Run,True,Run,True,Pass,False
9922,Pass,Run,False,Pass,True,Pass,True
7830,Run,Pass,False,Run,True,Pass,False
14259,Pass,Pass,True,Pass,True,Pass,True
5766,Pass,Pass,True,Run,False,Pass,True
13028,Pass,Pass,True,Pass,True,Pass,True
7781,Pass,Pass,True,Pass,True,Pass,True
5732,Run,Pass,False,Pass,False,Pass,False
459,Run,Run,True,Run,True,Run,True
16211,Pass,Run,False,Run,False,Pass,True
14260,Pass,Run,False,Run,False,Run,False
16226,Pass,Pass,True,Pass,True,Run,False
3267,Run,Run,True,Run,True,Pass,False
12983,Pass,Pass,True,Pass,True,Run,False
12162,Run,Run,True,Run,True,Run,True
14819,Pass,Pass,True,Run,False,Pass,True
12972,Pass,Run,False,Run,False,Pass,True
9916,Pass,Pass,True,Pass,True,Pass,True
10661,Run,Pass,False,Run,True,Run,True
9841,Pass,Pass,True,Pass,True,Pass,True
3374,Run,Pass,False,Run,True,Run,True
9906,Pass,Pass,True,Run,False,Run,False
16315,Run,Run,True,Pass,False,Run,True
14190,Run,Pass,False,Pass,False,Pass,False
10707,Pass,Pass,True,Pass,True,Pass,True
16261,Pass,Pass,True,Pass,True,Pass,True
12994,Run,Pass,False,Run,True,Run,True
14943,Run,Pass,False,Run,True,Run,True
12068,Pass,Pass,True,Pass,True,Pass,True
382,Pass,Pass,True,Pass,True,Run,False
5795,Run,Run,True,Run,True,Run,True
12116,Run,Pass,False,Run,True,Pass,False
3322,Pass,Run,False,Run,False,Run,False
16239,Pass,Run,False,Run,False,Run,False
14855,Pass,Pass,True,Pass,True,Pass,True
460,Run,Pass,False,Run,True,Run,True
12105,Run,Run,True,Run,True,Pass,False
16240,Pass,Pass,True,Pass,True,Pass,True
14822,Pass,Pass,True,Run,False,Run,False
7916,Pass,Pass,True,Pass,True,Pass,True
13074,Run,Run,True,Run,True,Run,True
14923,Run,Pass,False,Run,True,Run,True
12155,Pass,Pass,True,Pass,True,Pass,True
14166,Run,Run,True,Run,True,Pass,False
12115,Run,Pass,False,Pass,False,Run,True
12937,Pass,Pass,True,Run,False,Pass,True
9898,Run,Pass,False,Run,True,Run,True
3335,Pass,Pass,True,Pass,True,Pass,True
367,Run,Pass,False,Pass,False,Pass,False
17065,Pass,Run,False,Pass,True,Run,False
7832,Run,Pass,False,Run,True,Run,True
7898,Pass,Pass,True,Pass,True,Pass,True
5665,Pass,Pass,True,Pass,True,Pass,True
17074,Run,Pass,False,Pass,False,Pass,False
17102,Run,Run,True,Run,True,Run,True
14848,Run,Pass,False,Run,True,Run,True
17131,Run,Run,True,Run,True,Pass,False
9852,Pass,Pass,True,Pass,True,Pass,True
12117,Run,Pass,False,Run,True,Pass,False
16255,Pass,Pass,True,Pass,True,Pass,True
14246,Run,Run,True,Run,True,Run,True
3404,Run,Run,True,Run,True,Run,True
7829,Pass,Pass,True,Run,False,Run,False
5777,Pass,Pass,True,Pass,True,Pass,True
3386,Run,Run,True,Pass,False,Pass,False
12229,Run,Pass,False,Run,True,Run,True
